Commodity_Code,Commodity_Description,Country_Code,Country_Name,Market_Year,Month,Area Harvested_Unit_Description,Beginning Stocks_Unit_Description,Domestic Use_Unit_Description,Ending Stocks_Unit_Description,Exports_Unit_Description,Imports_Unit_Description,Loss_Unit_Description,Production_Unit_Description,Stocks-to-Use_Unit_Description,Total Distribution_Unit_Description,Total Supply_Unit_Description,Yield_Unit_Description,Area Harvested_Value,Beginning Stocks_Value,Domestic Use_Value,Ending Stocks_Value,Exports_Value,Imports_Value,Loss_Value,Production_Value,Stocks-to-Use_Value,Total Distribution_Value,Total Supply_Value,Yield_Value,Area_Harvested_ha,Loss_kg,Production_tot
2631000,Cotton,BR,Brazil,2005,5,(1000 HA),1000 480 lb. Bales,1000 480 lb. Bales,1000 480 lb. Bales,1000 480 lb. Bales,1000 480 lb. Bales,1000 480 lb. Bales,1000 480 lb. Bales,(PERCENT),1000 480 lb. Bales,1000 480 lb. Bales,(KG/HA),1180.0,2435.0,4107.0,2624.0,1972.0,308.0,0.0,5960.0,43.16,8703.0,8703.0,1100.0,1180000.0,0.0,1298.0
2631000,Cotton,BR,Brazil,2006,5,(1000 HA),1000 480 lb. Bales,1000 480 lb. Bales,1000 480 lb. Bales,1000 480 lb. Bales,1000 480 lb. Bales,1000 480 lb. Bales,1000 480 lb. Bales,(PERCENT),1000 480 lb. Bales,1000 480 lb. Bales,(KG/HA),855.0,2624.0,4398.0,2201.0,1300.0,515.0,0.0,4760.0,38.63,7899.0,7899.0,1212.0,855000.0,0.0,1036.26
2631000,Cotton,BR,Brazil,2007,5,(1000 HA),1000 480 lb. Bales,1000 480 lb. Bales,1000 480 lb. Bales,1000 480 lb. Bales,1000 480 lb. Bales,1000 480 lb. Bales,1000 480 lb. Bales,(PERCENT),1000 480 lb. Bales,1000 480 lb. Bales,(KG/HA),1095.0,2201.0,4738.0,2396.0,2231.0,164.0,0.0,7000.0,34.38,9365.0,9365.0,1392.0,1095000.0,0.0,1524.24
2631000,Cotton,BR,Brazil,2008,5,(1000 HA),1000 480 lb. Bales,1000 480 lb. Bales,1000 480 lb. Bales,1000 480 lb. Bales,1000 480 lb. Bales,1000 480 lb. Bales,1000 480 lb. Bales,(PERCENT),1000 480 lb. Bales,1000 480 lb. Bales,(KG/HA),1075.0,2396.0,4551.0,2516.0,2739.0,50.0,0.0,7360.0,34.51,9806.0,9806.0,1491.0,1075000.0,0.0,1602.825
2631000,Cotton,BR,Brazil,2009,5,(1000 HA),1000 480 lb. Bales,1000 480 lb. Bales,1000 480 lb. Bales,1000 480 lb. Bales,1000 480 lb. Bales,1000 480 lb. Bales,1000 480 lb. Bales,(PERCENT),1000 480 lb. Bales,1000 480 lb. Bales,(KG/HA),845.0,2516.0,4535.0,1721.0,1991.0,151.0,0.0,5580.0,26.37,8247.0,8247.0,1438.0,845000.0,0.0,1215.11
2631000,Cotton,BR,Brazil,2010,5,(1000 HA),1000 480 lb. Bales,1000 480 lb. Bales,1000 480 lb. Bales,1000 480 lb. Bales,1000 480 lb. Bales,1000 480 lb. Bales,1000 480 lb. Bales,(PERCENT),1000 480 lb. Bales,1000 480 lb. Bales,(KG/HA),835.0,1721.0,4381.0,1511.0,2012.0,703.0,0.0,5480.0,23.64,7904.0,7904.0,1429.0,835000.0,0.0,1193.215
2631000,Cotton,BR,Brazil,2011,5,(1000 HA),1000 480 lb. Bales,1000 480 lb. Bales,1000 480 lb. Bales,1000 480 lb. Bales,1000 480 lb. Bales,1000 480 lb. Bales,1000 480 lb. Bales,(PERCENT),1000 480 lb. Bales,1000 480 lb. Bales,(KG/HA),1400.0,1511.0,4059.0,1657.0,4824.0,29.0,0.0,9000.0,18.65,10540.0,10540.0,1400.0,1400000.0,0.0,1960.0
2631000,Cotton,BR,Brazil,2012,5,(1000 HA),1000 480 lb. Bales,1000 480 lb. Bales,1000 480 lb. Bales,1000 480 lb. Bales,1000 480 lb. Bales,1000 480 lb. Bales,1000 480 lb. Bales,(PERCENT),1000 480 lb. Bales,1000 480 lb. Bales,(KG/HA),1395.0,1657.0,4032.0,2005.0,4305.0,65.0,0.0,8620.0,24.05,10342.0,10342.0,1345.0,1395000.0,0.0,1876.275
2631000,Cotton,BR,Brazil,2013,5,(1000 HA),1000 480 lb. Bales,1000 480 lb. Bales,1000 480 lb. Bales,1000 480 lb. Bales,1000 480 lb. Bales,1000 480 lb. Bales,1000 480 lb. Bales,(PERCENT),1000 480 lb. Bales,1000 480 lb. Bales,(KG/HA),895.0,2005.0,3975.0,1968.0,2229.0,147.0,0.0,6020.0,31.72,8172.0,8172.0,1464.0,895000.0,0.0,1310.28
2631000,Cotton,BR,Brazil,2014,5,(1000 HA),1000 480 lb. Bales,1000 480 lb. Bales,1000 480 lb. Bales,1000 480 lb. Bales,1000 480 lb. Bales,1000 480 lb. Bales,1000 480 lb. Bales,(PERCENT),1000 480 lb. Bales,1000 480 lb. Bales,(KG/HA),1120.0,1968.0,3824.0,2214.0,3914.0,24.0,0.0,7960.0,28.61,9952.0,9952.0,1547.0,1120000.0,0.0,1732.64
2631000,Cotton,BR,Brazil,2015,5,(1000 HA),1000 480 lb. Bales,1000 480 lb. Bales,1000 480 lb. Bales,1000 480 lb. Bales,1000 480 lb. Bales,1000 480 lb. Bales,1000 480 lb. Bales,(PERCENT),1000 480 lb. Bales,1000 480 lb. Bales,(KG/HA),975.0,2214.0,3338.0,1835.0,4312.0,91.0,0.0,7180.0,23.99,9485.0,9485.0,1603.0,975000.0,0.0,1562.925
2631000,Cotton,BR,Brazil,2016,5,(1000 HA),1000 480 lb. Bales,1000 480 lb. Bales,1000 480 lb. Bales,1000 480 lb. Bales,1000 480 lb. Bales,1000 480 lb. Bales,1000 480 lb. Bales,(PERCENT),1000 480 lb. Bales,1000 480 lb. Bales,(KG/HA),955.0,1835.0,3098.0,2058.0,2788.0,189.0,0.0,5920.0,34.96,7944.0,7944.0,1350.0,955000.0,0.0,1289.25
2631000,Cotton,BR,Brazil,2017,5,(1000 HA),1000 480 lb. Bales,1000 480 lb. Bales,1000 480 lb. Bales,1000 480 lb. Bales,1000 480 lb. Bales,1000 480 lb. Bales,1000 480 lb. Bales,(PERCENT),1000 480 lb. Bales,1000 480 lb. Bales,(KG/HA),940.0,2058.0,3186.0,1799.0,4175.0,82.0,0.0,7020.0,24.44,9160.0,9160.0,1626.0,940000.0,0.0,1528.44
2631000,Cotton,BR,Brazil,2018,2,(1000 HA),1000 480 lb. Bales,1000 480 lb. Bales,1000 480 lb. Bales,1000 480 lb. Bales,1000 480 lb. Bales,1000 480 lb. Bales,1000 480 lb. Bales,(PERCENT),1000 480 lb. Bales,1000 480 lb. Bales,(KG/HA),1175.0,1799.0,3269.0,1748.0,6019.0,17.0,0.0,9220.0,18.82,11036.0,11036.0,1708.0,1175000.0,0.0,2006.9
2631000,Cotton,BR,Brazil,2019,5,(1000 HA),1000 480 lb. Bales,1000 480 lb. Bales,1000 480 lb. Bales,1000 480 lb. Bales,1000 480 lb. Bales,1000 480 lb. Bales,1000 480 lb. Bales,(PERCENT),1000 480 lb. Bales,1000 480 lb. Bales,(KG/HA),1640.0,1748.0,3227.0,2589.0,8937.0,5.0,0.0,13000.0,21.28,14753.0,14753.0,1726.0,1640000.0,0.0,2830.64
2631000,Cotton,BR,Brazil,2020,5,(1000 HA),1000 480 lb. Bales,1000 480 lb. Bales,1000 480 lb. Bales,1000 480 lb. Bales,1000 480 lb. Bales,1000 480 lb. Bales,1000 480 lb. Bales,(PERCENT),1000 480 lb. Bales,1000 480 lb. Bales,(KG/HA),1665.0,2589.0,3250.0,2119.0,11012.0,12.0,0.0,13780.0,14.86,16381.0,16381.0,1802.0,1665000.0,0.0,3000.33
2631000,Cotton,BR,Brazil,2021,5,(1000 HA),1000 480 lb. Bales,1000 480 lb. Bales,1000 480 lb. Bales,1000 480 lb. Bales,1000 480 lb. Bales,1000 480 lb. Bales,1000 480 lb. Bales,(PERCENT),1000 480 lb. Bales,1000 480 lb. Bales,(KG/HA),1370.0,2119.0,3186.0,2050.0,7727.0,24.0,0.0,10820.0,18.78,12963.0,12963.0,1720.0,1370000.0,0.0,2356.4
2631000,Cotton,BR,Brazil,2022,8,(1000 HA),1000 480 lb. Bales,1000 480 lb. Bales,1000 480 lb. Bales,1000 480 lb. Bales,1000 480 lb. Bales,1000 480 lb. Bales,1000 480 lb. Bales,(PERCENT),1000 480 lb. Bales,1000 480 lb. Bales,(KG/HA),1600.0,2050.0,3194.0,3928.0,6656.0,8.0,0.0,11720.0,39.88,13778.0,13778.0,1595.0,1600000.0,0.0,2552.0
2631000,Cotton,BR,Brazil,2023,8,(1000 HA),1000 480 lb. Bales,1000 480 lb. Bales,1000 480 lb. Bales,1000 480 lb. Bales,1000 480 lb. Bales,1000 480 lb. Bales,1000 480 lb. Bales,(PERCENT),1000 480 lb. Bales,1000 480 lb. Bales,(KG/HA),1660.0,3928.0,3368.0,2826.0,12310.0,6.0,0.0,14570.0,18.03,18504.0,18504.0,1911.0,1660000.0,0.0,3172.26
2631000,Cotton,BR,Brazil,2024,8,(1000 HA),1000 480 lb. Bales,1000 480 lb. Bales,1000 480 lb. Bales,1000 480 lb. Bales,1000 480 lb. Bales,1000 480 lb. Bales,1000 480 lb. Bales,(PERCENT),1000 480 lb. Bales,1000 480 lb. Bales,(KG/HA),1945.0,2826.0,3500.0,3311.0,13020.0,5.0,0.0,17000.0,20.04,19831.0,19831.0,1903.0,1945000.0,0.0,3701.335
2631000,Cotton,BR,Brazil,2025,8,(1000 HA),1000 480 lb. Bales,1000 480 lb. Bales,1000 480 lb. Bales,1000 480 lb. Bales,1000 480 lb. Bales,1000 480 lb. Bales,1000 480 lb. Bales,(PERCENT),1000 480 lb. Bales,1000 480 lb. Bales,(KG/HA),2100.0,3311.0,3500.0,3766.0,14300.0,5.0,0.0,18250.0,21.16,21566.0,21566.0,1892.0,2100000.0,0.0,3973.2
2631000,Cotton,CH,China,2005,2,(1000 HA),1000 480 lb. Bales,1000 480 lb. Bales,1000 480 lb. Bales,1000 480 lb. Bales,1000 480 lb. Bales,1000 480 lb. Bales,1000 480 lb. Bales,(PERCENT),1000 480 lb. Bales,1000 480 lb. Bales,(KG/HA),5350.0,18388.0,45000.0,22536.0,36.0,19284.0,-1500.0,28400.0,50.04,66072.0,66072.0,1156.0,5350000.0,0.0,6184.6
2631000,Cotton,CH,China,2006,2,(1000 HA),1000 480 lb. Bales,1000 480 lb. Bales,1000 480 lb. Bales,1000 480 lb. Bales,1000 480 lb. Bales,1000 480 lb. Bales,1000 480 lb. Bales,(PERCENT),1000 480 lb. Bales,1000 480 lb. Bales,(KG/HA),5950.0,22536.0,50000.0,20536.0,88.0,10588.0,-2000.0,35500.0,41.0,68624.0,68624.0,1299.0,5950000.0,0.0,7729.05
2631000,Cotton,CH,China,2007,2,(1000 HA),1000 480 lb. Bales,1000 480 lb. Bales,1000 480 lb. Bales,1000 480 lb. Bales,1000 480 lb. Bales,1000 480 lb. Bales,1000 480 lb. Bales,(PERCENT),1000 480 lb. Bales,1000 480 lb. Bales,(KG/HA),6200.0,20536.0,51000.0,20504.0,62.0,11530.0,-2500.0,37000.0,40.16,69066.0,69066.0,1299.0,6200000.0,0.0,8053.8
2631000,Cotton,CH,China,2008,2,(1000 HA),1000 480 lb. Bales,1000 480 lb. Bales,1000 480 lb. Bales,1000 480 lb. Bales,1000 480 lb. Bales,1000 480 lb. Bales,1000 480 lb. Bales,(PERCENT),1000 480 lb. Bales,1000 480 lb. Bales,(KG/HA),6050.0,20504.0,44000.0,21366.0,84.0,6996.0,-1250.0,36700.0,48.47,64200.0,64200.0,1321.0,6050000.0,0.0,7992.05
2631000,Cotton,CH,China,2009,2,(1000 HA),1000 480 lb. Bales,1000 480 lb. Bales,1000 480 lb. Bales,1000 480 lb. Bales,1000 480 lb. Bales,1000 480 lb. Bales,1000 480 lb. Bales,(PERCENT),1000 480 lb. Bales,1000 480 lb. Bales,(KG/HA),5300.0,21366.0,50000.0,14246.0,23.0,10903.0,0.0,32000.0,28.48,64269.0,64269.0,1315.0,5300000.0,0.0,6969.5
2631000,Cotton,CH,China,2010,2,(1000 HA),1000 480 lb. Bales,1000 480 lb. Bales,1000 480 lb. Bales,1000 480 lb. Bales,1000 480 lb. Bales,1000 480 lb. Bales,1000 480 lb. Bales,(PERCENT),1000 480 lb. Bales,1000 480 lb. Bales,(KG/HA),5250.0,14246.0,46000.0,10603.0,122.0,11979.0,0.0,30500.0,22.99,56725.0,56725.0,1265.0,5250000.0,0.0,6641.25
2631000,Cotton,CH,China,2011,2,(1000 HA),1000 480 lb. Bales,1000 480 lb. Bales,1000 480 lb. Bales,1000 480 lb. Bales,1000 480 lb. Bales,1000 480 lb. Bales,1000 480 lb. Bales,(PERCENT),1000 480 lb. Bales,1000 480 lb. Bales,(KG/HA),5500.0,10603.0,38000.0,31081.0,55.0,24533.0,0.0,34000.0,81.67,69136.0,69136.0,1346.0,5500000.0,0.0,7403.0
2631000,Cotton,CH,China,2012,2,(1000 HA),1000 480 lb. Bales,1000 480 lb. Bales,1000 480 lb. Bales,1000 480 lb. Bales,1000 480 lb. Bales,1000 480 lb. Bales,1000 480 lb. Bales,(PERCENT),1000 480 lb. Bales,1000 480 lb. Bales,(KG/HA),5300.0,31081.0,36000.0,50361.0,47.0,20327.0,0.0,35000.0,139.71,86408.0,86408.0,1438.0,5300000.0,0.0,7621.4
2631000,Cotton,CH,China,2013,2,(1000 HA),1000 480 lb. Bales,1000 480 lb. Bales,1000 480 lb. Bales,1000 480 lb. Bales,1000 480 lb. Bales,1000 480 lb. Bales,1000 480 lb. Bales,(PERCENT),1000 480 lb. Bales,1000 480 lb. Bales,(KG/HA),4800.0,50361.0,34500.0,62707.0,26.0,14122.0,0.0,32750.0,181.62,97233.0,97233.0,1486.0,4800000.0,0.0,7132.8
2631000,Cotton,CH,China,2014,2,(1000 HA),1000 480 lb. Bales,1000 480 lb. Bales,1000 480 lb. Bales,1000 480 lb. Bales,1000 480 lb. Bales,1000 480 lb. Bales,1000 480 lb. Bales,(PERCENT),1000 480 lb. Bales,1000 480 lb. Bales,(KG/HA),4400.0,62707.0,34500.0,66420.0,71.0,8284.0,0.0,30000.0,192.13,100991.0,100991.0,1484.0,4400000.0,0.0,6529.6
2631000,Cotton,CH,China,2015,2,(1000 HA),1000 480 lb. Bales,1000 480 lb. Bales,1000 480 lb. Bales,1000 480 lb. Bales,1000 480 lb. Bales,1000 480 lb. Bales,1000 480 lb. Bales,(PERCENT),1000 480 lb. Bales,1000 480 lb. Bales,(KG/HA),3050.0,66420.0,36000.0,56098.0,128.0,4406.0,0.0,21400.0,155.28,92226.0,92226.0,1528.0,3050000.0,0.0,4660.4
2631000,Cotton,CH,China,2016,2,(1000 HA),1000 480 lb. Bales,1000 480 lb. Bales,1000 480 lb. Bales,1000 480 lb. Bales,1000 480 lb. Bales,1000 480 lb. Bales,1000 480 lb. Bales,(PERCENT),1000 480 lb. Bales,1000 480 lb. Bales,(KG/HA),2800.0,56098.0,38500.0,44127.0,61.0,5040.0,0.0,21550.0,114.43,82688.0,82688.0,1676.0,2800000.0,0.0,4692.8
2631000,Cotton,CH,China,2017,2,(1000 HA),1000 480 lb. Bales,1000 480 lb. Bales,1000 480 lb. Bales,1000 480 lb. Bales,1000 480 lb. Bales,1000 480 lb. Bales,1000 480 lb. Bales,(PERCENT),1000 480 lb. Bales,1000 480 lb. Bales,(KG/HA),3200.0,44127.0,41000.0,35699.0,136.0,5708.0,0.0,27000.0,86.78,76835.0,76835.0,1837.0,3200000.0,0.0,5878.4
2631000,Cotton,CH,China,2018,4,(1000 HA),1000 480 lb. Bales,1000 480 lb. Bales,1000 480 lb. Bales,1000 480 lb. Bales,1000 480 lb. Bales,1000 480 lb. Bales,1000 480 lb. Bales,(PERCENT),1000 480 lb. Bales,1000 480 lb. Bales,(KG/HA),3200.0,35699.0,39100.0,33264.0,213.0,9628.0,0.0,27250.0,84.61,72577.0,72577.0,1854.0,3200000.0,0.0,5932.8
2631000,Cotton,CH,China,2019,8,(1000 HA),1000 480 lb. Bales,1000 480 lb. Bales,1000 480 lb. Bales,1000 480 lb. Bales,1000 480 lb. Bales,1000 480 lb. Bales,1000 480 lb. Bales,(PERCENT),1000 480 lb. Bales,1000 480 lb. Bales,(KG/HA),3150.0,33264.0,34000.0,33144.0,157.0,7137.0,0.0,26900.0,97.03,67301.0,67301.0,1859.0,3150000.0,0.0,5855.85
2631000,Cotton,CH,China,2020,8,(1000 HA),1000 480 lb. Bales,1000 480 lb. Bales,1000 480 lb. Bales,1000 480 lb. Bales,1000 480 lb. Bales,1000 480 lb. Bales,1000 480 lb. Bales,(PERCENT),1000 480 lb. Bales,1000 480 lb. Bales,(KG/HA),3050.0,33144.0,41400.0,33830.0,10.0,12796.0,0.0,29300.0,81.7,75240.0,75240.0,2092.0,3050000.0,0.0,6380.6
2631000,Cotton,CH,China,2021,8,(1000 HA),1000 480 lb. Bales,1000 480 lb. Bales,1000 480 lb. Bales,1000 480 lb. Bales,1000 480 lb. Bales,1000 480 lb. Bales,1000 480 lb. Bales,(PERCENT),1000 480 lb. Bales,1000 480 lb. Bales,(KG/HA),2950.0,33830.0,33400.0,34167.0,120.0,7782.0,625.0,26700.0,101.93,68312.0,68312.0,1971.0,2950000.0,136250.0,5814.31375
2631000,Cotton,CH,China,2022,8,(1000 HA),1000 480 lb. Bales,1000 480 lb. Bales,1000 480 lb. Bales,1000 480 lb. Bales,1000 480 lb. Bales,1000 480 lb. Bales,1000 480 lb. Bales,(PERCENT),1000 480 lb. Bales,1000 480 lb. Bales,(KG/HA),3100.0,34167.0,37700.0,33355.0,94.0,6232.0,0.0,30750.0,88.25,71149.0,71149.0,2160.0,3100000.0,0.0,6696.0
2631000,Cotton,CH,China,2023,8,(1000 HA),1000 480 lb. Bales,1000 480 lb. Bales,1000 480 lb. Bales,1000 480 lb. Bales,1000 480 lb. Bales,1000 480 lb. Bales,1000 480 lb. Bales,(PERCENT),1000 480 lb. Bales,1000 480 lb. Bales,(KG/HA),2850.0,33355.0,38900.0,36719.0,62.0,14976.0,0.0,27350.0,94.24,75681.0,75681.0,2089.0,2850000.0,0.0,5953.65
2631000,Cotton,CH,China,2024,8,(1000 HA),1000 480 lb. Bales,1000 480 lb. Bales,1000 480 lb. Bales,1000 480 lb. Bales,1000 480 lb. Bales,1000 480 lb. Bales,1000 480 lb. Bales,(PERCENT),1000 480 lb. Bales,1000 480 lb. Bales,(KG/HA),2900.0,36719.0,38000.0,35794.0,75.0,5150.0,0.0,32000.0,94.01,73869.0,73869.0,2402.0,2900000.0,0.0,6965.8
2631000,Cotton,CH,China,2025,8,(1000 HA),1000 480 lb. Bales,1000 480 lb. Bales,1000 480 lb. Bales,1000 480 lb. Bales,1000 480 lb. Bales,1000 480 lb. Bales,1000 480 lb. Bales,(PERCENT),1000 480 lb. Bales,1000 480 lb. Bales,(KG/HA),2950.0,35794.0,37500.0,35019.0,75.0,5300.0,0.0,31500.0,93.2,72594.0,72594.0,2325.0,2950000.0,0.0,6858.75
2631000,Cotton,IN,India,2005,5,(1000 HA),1000 480 lb. Bales,1000 480 lb. Bales,1000 480 lb. Bales,1000 480 lb. Bales,1000 480 lb. Bales,1000 480 lb. Bales,1000 480 lb. Bales,(PERCENT),1000 480 lb. Bales,1000 480 lb. Bales,(KG/HA),8873.0,8564.0,16750.0,7589.0,3675.0,400.0,0.0,19050.0,37.16,28014.0,28014.0,467.0,8873000.0,0.0,4143.691
2631000,Cotton,IN,India,2006,5,(1000 HA),1000 480 lb. Bales,1000 480 lb. Bales,1000 480 lb. Bales,1000 480 lb. Bales,1000 480 lb. Bales,1000 480 lb. Bales,1000 480 lb. Bales,(PERCENT),1000 480 lb. Bales,1000 480 lb. Bales,(KG/HA),9166.0,7589.0,18100.0,7279.0,4875.0,465.0,0.0,22200.0,31.68,30254.0,30254.0,527.0,9166000.0,0.0,4830.482
2631000,Cotton,IN,India,2007,5,(1000 HA),1000 480 lb. Bales,1000 480 lb. Bales,1000 480 lb. Bales,1000 480 lb. Bales,1000 480 lb. Bales,1000 480 lb. Bales,1000 480 lb. Bales,(PERCENT),1000 480 lb. Bales,1000 480 lb. Bales,(KG/HA),9439.0,7279.0,18600.0,5979.0,7500.0,600.0,0.0,24200.0,22.91,32079.0,32079.0,558.0,9439000.0,0.0,5266.962
2631000,Cotton,IN,India,2008,5,(1000 HA),1000 480 lb. Bales,1000 480 lb. Bales,1000 480 lb. Bales,1000 480 lb. Bales,1000 480 lb. Bales,1000 480 lb. Bales,1000 480 lb. Bales,(PERCENT),1000 480 lb. Bales,1000 480 lb. Bales,(KG/HA),9406.0,5979.0,17800.0,9619.0,2360.0,800.0,0.0,23000.0,47.71,29779.0,29779.0,532.0,9406000.0,0.0,5003.992
2631000,Cotton,IN,India,2009,5,(1000 HA),1000 480 lb. Bales,1000 480 lb. Bales,1000 480 lb. Bales,1000 480 lb. Bales,1000 480 lb. Bales,1000 480 lb. Bales,1000 480 lb. Bales,(PERCENT),1000 480 lb. Bales,1000 480 lb. Bales,(KG/HA),10310.0,9619.0,19750.0,7999.0,6550.0,480.0,0.0,24200.0,30.41,34299.0,34299.0,511.0,10310000.0,0.0,5268.41
2631000,Cotton,IN,India,2010,5,(1000 HA),1000 480 lb. Bales,1000 480 lb. Bales,1000 480 lb. Bales,1000 480 lb. Bales,1000 480 lb. Bales,1000 480 lb. Bales,1000 480 lb. Bales,(PERCENT),1000 480 lb. Bales,1000 480 lb. Bales,(KG/HA),11250.0,7999.0,20550.0,9549.0,5000.0,200.0,0.0,26900.0,37.37,35099.0,35099.0,521.0,11250000.0,0.0,5861.25
2631000,Cotton,IN,India,2011,5,(1000 HA),1000 480 lb. Bales,1000 480 lb. Bales,1000 480 lb. Bales,1000 480 lb. Bales,1000 480 lb. Bales,1000 480 lb. Bales,1000 480 lb. Bales,(PERCENT),1000 480 lb. Bales,1000 480 lb. Bales,(KG/HA),12200.0,9549.0,19450.0,8319.0,11080.0,600.0,0.0,28700.0,27.25,38849.0,38849.0,512.0,12200000.0,0.0,6246.4
2631000,Cotton,IN,India,2012,5,(1000 HA),1000 480 lb. Bales,1000 480 lb. Bales,1000 480 lb. Bales,1000 480 lb. Bales,1000 480 lb. Bales,1000 480 lb. Bales,1000 480 lb. Bales,(PERCENT),1000 480 lb. Bales,1000 480 lb. Bales,(KG/HA),12000.0,8319.0,21750.0,9195.0,7761.0,1187.0,-700.0,28500.0,31.16,38006.0,38006.0,517.0,12000000.0,0.0,6204.0
2631000,Cotton,IN,India,2013,5,(1000 HA),1000 480 lb. Bales,1000 480 lb. Bales,1000 480 lb. Bales,1000 480 lb. Bales,1000 480 lb. Bales,1000 480 lb. Bales,1000 480 lb. Bales,(PERCENT),1000 480 lb. Bales,1000 480 lb. Bales,(KG/HA),11950.0,9195.0,23250.0,8559.0,9261.0,675.0,-200.0,31000.0,26.33,40870.0,40870.0,565.0,11950000.0,0.0,6751.75
2631000,Cotton,IN,India,2014,5,(1000 HA),1000 480 lb. Bales,1000 480 lb. Bales,1000 480 lb. Bales,1000 480 lb. Bales,1000 480 lb. Bales,1000 480 lb. Bales,1000 480 lb. Bales,(PERCENT),1000 480 lb. Bales,1000 480 lb. Bales,(KG/HA),12800.0,8559.0,24500.0,10586.0,4199.0,1226.0,0.0,29500.0,36.89,39285.0,39285.0,502.0,12800000.0,0.0,6425.6
2631000,Cotton,IN,India,2015,5,(1000 HA),1000 480 lb. Bales,1000 480 lb. Bales,1000 480 lb. Bales,1000 480 lb. Bales,1000 480 lb. Bales,1000 480 lb. Bales,1000 480 lb. Bales,(PERCENT),1000 480 lb. Bales,1000 480 lb. Bales,(KG/HA),12300.0,10586.0,24750.0,7044.0,5764.0,1072.0,0.0,25900.0,23.08,37558.0,37558.0,458.0,12300000.0,0.0,5633.4
2631000,Cotton,IN,India,2016,5,(1000 HA),1000 480 lb. Bales,1000 480 lb. Bales,1000 480 lb. Bales,1000 480 lb. Bales,1000 480 lb. Bales,1000 480 lb. Bales,1000 480 lb. Bales,(PERCENT),1000 480 lb. Bales,1000 480 lb. Bales,(KG/HA),10850.0,7044.0,24350.0,7880.0,4550.0,2736.0,0.0,27000.0,27.27,36780.0,36780.0,542.0,10850000.0,0.0,5880.7
2631000,Cotton,IN,India,2017,5,(1000 HA),1000 480 lb. Bales,1000 480 lb. Bales,1000 480 lb. Bales,1000 480 lb. Bales,1000 480 lb. Bales,1000 480 lb. Bales,1000 480 lb. Bales,(PERCENT),1000 480 lb. Bales,1000 480 lb. Bales,(KG/HA),12600.0,7880.0,24750.0,8625.0,5182.0,1677.0,0.0,29000.0,28.82,38557.0,38557.0,501.0,12600000.0,0.0,6312.6
2631000,Cotton,IN,India,2018,12,(1000 HA),1000 480 lb. Bales,1000 480 lb. Bales,1000 480 lb. Bales,1000 480 lb. Bales,1000 480 lb. Bales,1000 480 lb. Bales,1000 480 lb. Bales,(PERCENT),1000 480 lb. Bales,1000 480 lb. Bales,(KG/HA),12600.0,8625.0,24300.0,8604.0,3521.0,1800.0,0.0,26000.0,30.93,36425.0,36425.0,449.0,12600000.0,0.0,5657.4
2631000,Cotton,IN,India,2019,5,(1000 HA),1000 480 lb. Bales,1000 480 lb. Bales,1000 480 lb. Bales,1000 480 lb. Bales,1000 480 lb. Bales,1000 480 lb. Bales,1000 480 lb. Bales,(PERCENT),1000 480 lb. Bales,1000 480 lb. Bales,(KG/HA),13400.0,8604.0,20500.0,15684.0,3200.0,2280.0,0.0,28500.0,66.18,39384.0,39384.0,463.0,13400000.0,0.0,6204.2
2631000,Cotton,IN,India,2020,5,(1000 HA),1000 480 lb. Bales,1000 480 lb. Bales,1000 480 lb. Bales,1000 480 lb. Bales,1000 480 lb. Bales,1000 480 lb. Bales,1000 480 lb. Bales,(PERCENT),1000 480 lb. Bales,1000 480 lb. Bales,(KG/HA),13286.0,15684.0,26000.0,11839.0,6189.0,844.0,0.0,27500.0,36.78,44028.0,44028.0,451.0,13286000.0,0.0,5991.986
2631000,Cotton,IN,India,2021,6,(1000 HA),1000 480 lb. Bales,1000 480 lb. Bales,1000 480 lb. Bales,1000 480 lb. Bales,1000 480 lb. Bales,1000 480 lb. Bales,1000 480 lb. Bales,(PERCENT),1000 480 lb. Bales,1000 480 lb. Bales,(KG/HA),12372.0,11839.0,25000.0,8396.0,3743.0,1000.0,0.0,24300.0,29.21,37139.0,37139.0,428.0,12372000.0,0.0,5295.216
2631000,Cotton,IN,India,2022,6,(1000 HA),1000 480 lb. Bales,1000 480 lb. Bales,1000 480 lb. Bales,1000 480 lb. Bales,1000 480 lb. Bales,1000 480 lb. Bales,1000 480 lb. Bales,(PERCENT),1000 480 lb. Bales,1000 480 lb. Bales,(KG/HA),12927.0,8396.0,24500.0,10824.0,1099.0,1727.0,0.0,26300.0,42.28,36423.0,36423.0,443.0,12927000.0,0.0,5726.661
2631000,Cotton,IN,India,2023,6,(1000 HA),1000 480 lb. Bales,1000 480 lb. Bales,1000 480 lb. Bales,1000 480 lb. Bales,1000 480 lb. Bales,1000 480 lb. Bales,1000 480 lb. Bales,(PERCENT),1000 480 lb. Bales,1000 480 lb. Bales,(KG/HA),12688.0,10824.0,25500.0,9299.0,2310.0,885.0,0.0,25400.0,33.44,37109.0,37109.0,436.0,12688000.0,0.0,5531.968
2631000,Cotton,IN,India,2024,8,(1000 HA),1000 480 lb. Bales,1000 480 lb. Bales,1000 480 lb. Bales,1000 480 lb. Bales,1000 480 lb. Bales,1000 480 lb. Bales,1000 480 lb. Bales,(PERCENT),1000 480 lb. Bales,1000 480 lb. Bales,(KG/HA),11500.0,9299.0,25000.0,9849.0,1400.0,2950.0,0.0,24000.0,37.31,36249.0,36249.0,454.0,11500000.0,0.0,5221.0
2631000,Cotton,IN,India,2025,8,(1000 HA),1000 480 lb. Bales,1000 480 lb. Bales,1000 480 lb. Bales,1000 480 lb. Bales,1000 480 lb. Bales,1000 480 lb. Bales,1000 480 lb. Bales,(PERCENT),1000 480 lb. Bales,1000 480 lb. Bales,(KG/HA),11200.0,9849.0,25000.0,10249.0,1000.0,2900.0,0.0,23500.0,39.42,36249.0,36249.0,457.0,11200000.0,0.0,5118.4
2631000,Cotton,PK,Pakistan,2005,5,(1000 HA),1000 480 lb. Bales,1000 480 lb. Bales,1000 480 lb. Bales,1000 480 lb. Bales,1000 480 lb. Bales,1000 480 lb. Bales,1000 480 lb. Bales,(PERCENT),1000 480 lb. Bales,1000 480 lb. Bales,(KG/HA),3101.0,4945.0,11500.0,4602.0,288.0,1615.0,20.0,9850.0,39.04,16410.0,16410.0,692.0,3101000.0,4360.0,2145.88764
2631000,Cotton,PK,Pakistan,2006,5,(1000 HA),1000 480 lb. Bales,1000 480 lb. Bales,1000 480 lb. Bales,1000 480 lb. Bales,1000 480 lb. Bales,1000 480 lb. Bales,1000 480 lb. Bales,(PERCENT),1000 480 lb. Bales,1000 480 lb. Bales,(KG/HA),3250.0,4602.0,12000.0,4250.0,217.0,2305.0,20.0,9580.0,34.79,16487.0,16487.0,642.0,3250000.0,4360.0,2086.49564
2631000,Cotton,PK,Pakistan,2007,5,(1000 HA),1000 480 lb. Bales,1000 480 lb. Bales,1000 480 lb. Bales,1000 480 lb. Bales,1000 480 lb. Bales,1000 480 lb. Bales,1000 480 lb. Bales,(PERCENT),1000 480 lb. Bales,1000 480 lb. Bales,(KG/HA),3000.0,4250.0,12000.0,4423.0,269.0,3907.0,15.0,8550.0,36.05,16707.0,16707.0,621.0,3000000.0,3270.0,1862.99673
2631000,Cotton,PK,Pakistan,2008,5,(1000 HA),1000 480 lb. Bales,1000 480 lb. Bales,1000 480 lb. Bales,1000 480 lb. Bales,1000 480 lb. Bales,1000 480 lb. Bales,1000 480 lb. Bales,(PERCENT),1000 480 lb. Bales,1000 480 lb. Bales,(KG/HA),2900.0,4423.0,11100.0,3408.0,357.0,1917.0,15.0,8540.0,29.75,14880.0,14880.0,641.0,2900000.0,3270.0,1858.89673
2631000,Cotton,PK,Pakistan,2009,5,(1000 HA),1000 480 lb. Bales,1000 480 lb. Bales,1000 480 lb. Bales,1000 480 lb. Bales,1000 480 lb. Bales,1000 480 lb. Bales,1000 480 lb. Bales,(PERCENT),1000 480 lb. Bales,1000 480 lb. Bales,(KG/HA),3000.0,3408.0,10400.0,3087.0,725.0,1574.0,10.0,9240.0,27.75,14222.0,14222.0,671.0,3000000.0,2180.0,2012.99782
2631000,Cotton,PK,Pakistan,2010,5,(1000 HA),1000 480 lb. Bales,1000 480 lb. Bales,1000 480 lb. Bales,1000 480 lb. Bales,1000 480 lb. Bales,1000 480 lb. Bales,1000 480 lb. Bales,(PERCENT),1000 480 lb. Bales,1000 480 lb. Bales,(KG/HA),2800.0,3087.0,9900.0,2580.0,680.0,1443.0,10.0,8640.0,24.39,13170.0,13170.0,672.0,2800000.0,2180.0,1881.59782
2631000,Cotton,PK,Pakistan,2011,5,(1000 HA),1000 480 lb. Bales,1000 480 lb. Bales,1000 480 lb. Bales,1000 480 lb. Bales,1000 480 lb. Bales,1000 480 lb. Bales,1000 480 lb. Bales,(PERCENT),1000 480 lb. Bales,1000 480 lb. Bales,(KG/HA),3000.0,2580.0,10000.0,2920.0,1160.0,900.0,0.0,10600.0,26.16,14080.0,14080.0,769.0,3000000.0,0.0,2307.0
2631000,Cotton,PK,Pakistan,2012,5,(1000 HA),1000 480 lb. Bales,1000 480 lb. Bales,1000 480 lb. Bales,1000 480 lb. Bales,1000 480 lb. Bales,1000 480 lb. Bales,1000 480 lb. Bales,(PERCENT),1000 480 lb. Bales,1000 480 lb. Bales,(KG/HA),3000.0,2920.0,10750.0,2820.0,450.0,1800.0,0.0,9300.0,25.18,14020.0,14020.0,675.0,3000000.0,0.0,2025.0
2631000,Cotton,PK,Pakistan,2013,5,(1000 HA),1000 480 lb. Bales,1000 480 lb. Bales,1000 480 lb. Bales,1000 480 lb. Bales,1000 480 lb. Bales,1000 480 lb. Bales,1000 480 lb. Bales,(PERCENT),1000 480 lb. Bales,1000 480 lb. Bales,(KG/HA),2900.0,2820.0,10400.0,2610.0,510.0,1200.0,0.0,9500.0,23.92,13520.0,13520.0,713.0,2900000.0,0.0,2067.7
2631000,Cotton,PK,Pakistan,2014,5,(1000 HA),1000 480 lb. Bales,1000 480 lb. Bales,1000 480 lb. Bales,1000 480 lb. Bales,1000 480 lb. Bales,1000 480 lb. Bales,1000 480 lb. Bales,(PERCENT),1000 480 lb. Bales,1000 480 lb. Bales,(KG/HA),2950.0,2610.0,10700.0,2950.0,510.0,950.0,0.0,10600.0,26.32,14160.0,14160.0,782.0,2950000.0,0.0,2306.9
2631000,Cotton,PK,Pakistan,2015,5,(1000 HA),1000 480 lb. Bales,1000 480 lb. Bales,1000 480 lb. Bales,1000 480 lb. Bales,1000 480 lb. Bales,1000 480 lb. Bales,1000 480 lb. Bales,(PERCENT),1000 480 lb. Bales,1000 480 lb. Bales,(KG/HA),2900.0,2950.0,10300.0,2700.0,250.0,3300.0,0.0,7000.0,25.59,13250.0,13250.0,526.0,2900000.0,0.0,1525.4
2631000,Cotton,PK,Pakistan,2016,12,(1000 HA),1000 480 lb. Bales,1000 480 lb. Bales,1000 480 lb. Bales,1000 480 lb. Bales,1000 480 lb. Bales,1000 480 lb. Bales,1000 480 lb. Bales,(PERCENT),1000 480 lb. Bales,1000 480 lb. Bales,(KG/HA),2500.0,2700.0,10400.0,2325.0,125.0,2450.0,0.0,7700.0,22.09,12850.0,12850.0,671.0,2500000.0,0.0,1677.5
2631000,Cotton,PK,Pakistan,2017,12,(1000 HA),1000 480 lb. Bales,1000 480 lb. Bales,1000 480 lb. Bales,1000 480 lb. Bales,1000 480 lb. Bales,1000 480 lb. Bales,1000 480 lb. Bales,(PERCENT),1000 480 lb. Bales,1000 480 lb. Bales,(KG/HA),2700.0,2325.0,10900.0,2865.0,160.0,3400.0,0.0,8200.0,25.9,13925.0,13925.0,661.0,2700000.0,0.0,1784.7
2631000,Cotton,PK,Pakistan,2018,1,(1000 HA),1000 480 lb. Bales,1000 480 lb. Bales,1000 480 lb. Bales,1000 480 lb. Bales,1000 480 lb. Bales,1000 480 lb. Bales,1000 480 lb. Bales,(PERCENT),1000 480 lb. Bales,1000 480 lb. Bales,(KG/HA),2300.0,2865.0,10700.0,2555.0,60.0,2850.0,0.0,7600.0,23.75,13315.0,13315.0,719.0,2300000.0,0.0,1653.7
2631000,Cotton,PK,Pakistan,2019,7,(1000 HA),1000 480 lb. Bales,1000 480 lb. Bales,1000 480 lb. Bales,1000 480 lb. Bales,1000 480 lb. Bales,1000 480 lb. Bales,1000 480 lb. Bales,(PERCENT),1000 480 lb. Bales,1000 480 lb. Bales,(KG/HA),2450.0,2555.0,9500.0,3200.0,55.0,4000.0,0.0,6200.0,33.49,12755.0,12755.0,551.0,2450000.0,0.0,1349.95
2631000,Cotton,PK,Pakistan,2020,7,(1000 HA),1000 480 lb. Bales,1000 480 lb. Bales,1000 480 lb. Bales,1000 480 lb. Bales,1000 480 lb. Bales,1000 480 lb. Bales,1000 480 lb. Bales,(PERCENT),1000 480 lb. Bales,1000 480 lb. Bales,(KG/HA),2200.0,3200.0,10900.0,2175.0,25.0,5400.0,0.0,4500.0,19.91,13100.0,13100.0,445.0,2200000.0,0.0,979.0
2631000,Cotton,PK,Pakistan,2021,7,(1000 HA),1000 480 lb. Bales,1000 480 lb. Bales,1000 480 lb. Bales,1000 480 lb. Bales,1000 480 lb. Bales,1000 480 lb. Bales,1000 480 lb. Bales,(PERCENT),1000 480 lb. Bales,1000 480 lb. Bales,(KG/HA),2000.0,2175.0,10700.0,1925.0,50.0,4500.0,0.0,6000.0,17.91,12675.0,12675.0,653.0,2000000.0,0.0,1306.0
2631000,Cotton,PK,Pakistan,2022,7,(1000 HA),1000 480 lb. Bales,1000 480 lb. Bales,1000 480 lb. Bales,1000 480 lb. Bales,1000 480 lb. Bales,1000 480 lb. Bales,1000 480 lb. Bales,(PERCENT),1000 480 lb. Bales,1000 480 lb. Bales,(KG/HA),1800.0,1925.0,8700.0,1525.0,100.0,4500.0,0.0,3900.0,17.33,10325.0,10325.0,472.0,1800000.0,0.0,849.6
2631000,Cotton,PK,Pakistan,2023,7,(1000 HA),1000 480 lb. Bales,1000 480 lb. Bales,1000 480 lb. Bales,1000 480 lb. Bales,1000 480 lb. Bales,1000 480 lb. Bales,1000 480 lb. Bales,(PERCENT),1000 480 lb. Bales,1000 480 lb. Bales,(KG/HA),2400.0,1525.0,9700.0,1850.0,175.0,3200.0,0.0,7000.0,18.73,11725.0,11725.0,635.0,2400000.0,0.0,1524.0
2631000,Cotton,PK,Pakistan,2024,7,(1000 HA),1000 480 lb. Bales,1000 480 lb. Bales,1000 480 lb. Bales,1000 480 lb. Bales,1000 480 lb. Bales,1000 480 lb. Bales,1000 480 lb. Bales,(PERCENT),1000 480 lb. Bales,1000 480 lb. Bales,(KG/HA),2000.0,1850.0,10800.0,2100.0,50.0,6100.0,0.0,5000.0,19.35,12950.0,12950.0,544.0,2000000.0,0.0,1088.0
2631000,Cotton,PK,Pakistan,2025,8,(1000 HA),1000 480 lb. Bales,1000 480 lb. Bales,1000 480 lb. Bales,1000 480 lb. Bales,1000 480 lb. Bales,1000 480 lb. Bales,1000 480 lb. Bales,(PERCENT),1000 480 lb. Bales,1000 480 lb. Bales,(KG/HA),1950.0,2100.0,10900.0,2050.0,50.0,5900.0,0.0,5000.0,18.72,13000.0,13000.0,558.0,1950000.0,0.0,1088.1
2631000,Cotton,US,United States,2005,9,(1000 HA),1000 480 lb. Bales,1000 480 lb. Bales,1000 480 lb. Bales,1000 480 lb. Bales,1000 480 lb. Bales,1000 480 lb. Bales,1000 480 lb. Bales,(PERCENT),1000 480 lb. Bales,1000 480 lb. Bales,(KG/HA),5586.0,5495.0,5871.0,6069.0,17673.0,28.0,-200.0,23890.0,26.0,29413.0,29413.0,931.0,5586000.0,0.0,5200.566
2631000,Cotton,US,United States,2006,9,(1000 HA),1000 480 lb. Bales,1000 480 lb. Bales,1000 480 lb. Bales,1000 480 lb. Bales,1000 480 lb. Bales,1000 480 lb. Bales,1000 480 lb. Bales,(PERCENT),1000 480 lb. Bales,1000 480 lb. Bales,(KG/HA),5152.0,6069.0,4935.0,9479.0,12959.0,19.0,303.0,21588.0,53.0,27676.0,27676.0,912.0,5152000.0,66054.0,4698.557946
2631000,Cotton,US,United States,2007,9,(1000 HA),1000 480 lb. Bales,1000 480 lb. Bales,1000 480 lb. Bales,1000 480 lb. Bales,1000 480 lb. Bales,1000 480 lb. Bales,1000 480 lb. Bales,(PERCENT),1000 480 lb. Bales,1000 480 lb. Bales,(KG/HA),4245.0,9479.0,4584.0,10051.0,13634.0,12.0,429.0,19207.0,55.0,28698.0,28698.0,985.0,4245000.0,93522.0,4181.231478
2631000,Cotton,US,United States,2008,11,(1000 HA),1000 480 lb. Bales,1000 480 lb. Bales,1000 480 lb. Bales,1000 480 lb. Bales,1000 480 lb. Bales,1000 480 lb. Bales,1000 480 lb. Bales,(PERCENT),1000 480 lb. Bales,1000 480 lb. Bales,(KG/HA),3063.0,10051.0,3541.0,6337.0,13261.0,0.0,-263.0,12825.0,38.0,22876.0,22876.0,912.0,3063000.0,0.0,2793.456
2631000,Cotton,US,United States,2009,11,(1000 HA),1000 480 lb. Bales,1000 480 lb. Bales,1000 480 lb. Bales,1000 480 lb. Bales,1000 480 lb. Bales,1000 480 lb. Bales,1000 480 lb. Bales,(PERCENT),1000 480 lb. Bales,1000 480 lb. Bales,(KG/HA),3049.0,6337.0,3550.0,2947.0,12037.0,0.0,-14.0,12183.0,19.0,18520.0,18520.0,870.0,3049000.0,0.0,2652.63
2631000,Cotton,US,United States,2010,11,(1000 HA),1000 480 lb. Bales,1000 480 lb. Bales,1000 480 lb. Bales,1000 480 lb. Bales,1000 480 lb. Bales,1000 480 lb. Bales,1000 480 lb. Bales,(PERCENT),1000 480 lb. Bales,1000 480 lb. Bales,(KG/HA),4330.0,2947.0,3900.0,2600.0,14376.0,9.0,182.0,18102.0,14.0,21058.0,21058.0,910.0,4330000.0,39676.0,3940.260324
2631000,Cotton,US,United States,2011,8,(1000 HA),1000 480 lb. Bales,1000 480 lb. Bales,1000 480 lb. Bales,1000 480 lb. Bales,1000 480 lb. Bales,1000 480 lb. Bales,1000 480 lb. Bales,(PERCENT),1000 480 lb. Bales,1000 480 lb. Bales,(KG/HA),3829.0,2600.0,3300.0,3350.0,11714.0,19.0,-172.0,15573.0,22.31,18192.0,18192.0,886.0,3829000.0,0.0,3392.494
2631000,Cotton,US,United States,2012,8,(1000 HA),1000 480 lb. Bales,1000 480 lb. Bales,1000 480 lb. Bales,1000 480 lb. Bales,1000 480 lb. Bales,1000 480 lb. Bales,1000 480 lb. Bales,(PERCENT),1000 480 lb. Bales,1000 480 lb. Bales,(KG/HA),3772.0,3350.0,3500.0,3800.0,13026.0,10.0,348.0,17314.0,22.99,20674.0,20674.0,999.0,3772000.0,75864.0,3768.152136
2631000,Cotton,US,United States,2013,2,(1000 HA),1000 480 lb. Bales,1000 480 lb. Bales,1000 480 lb. Bales,1000 480 lb. Bales,1000 480 lb. Bales,1000 480 lb. Bales,1000 480 lb. Bales,(PERCENT),1000 480 lb. Bales,1000 480 lb. Bales,(KG/HA),3051.0,3800.0,3550.0,2350.0,10530.0,13.0,292.0,12909.0,16.69,16722.0,16722.0,921.0,3051000.0,63656.0,2809.907344
2631000,Cotton,US,United States,2014,5,(1000 HA),1000 480 lb. Bales,1000 480 lb. Bales,1000 480 lb. Bales,1000 480 lb. Bales,1000 480 lb. Bales,1000 480 lb. Bales,1000 480 lb. Bales,(PERCENT),1000 480 lb. Bales,1000 480 lb. Bales,(KG/HA),3785.0,2350.0,3575.0,3650.0,11246.0,12.0,210.0,16319.0,24.63,18681.0,18681.0,939.0,3785000.0,45780.0,3554.06922
2631000,Cotton,US,United States,2015,5,(1000 HA),1000 480 lb. Bales,1000 480 lb. Bales,1000 480 lb. Bales,1000 480 lb. Bales,1000 480 lb. Bales,1000 480 lb. Bales,1000 480 lb. Bales,(PERCENT),1000 480 lb. Bales,1000 480 lb. Bales,(KG/HA),3268.0,3650.0,3450.0,3800.0,9153.0,33.0,168.0,12888.0,30.15,16571.0,16571.0,859.0,3268000.0,36624.0,2807.175376
2631000,Cotton,US,United States,2016,7,(1000 HA),1000 480 lb. Bales,1000 480 lb. Bales,1000 480 lb. Bales,1000 480 lb. Bales,1000 480 lb. Bales,1000 480 lb. Bales,1000 480 lb. Bales,(PERCENT),1000 480 lb. Bales,1000 480 lb. Bales,(KG/HA),3848.0,3800.0,3250.0,2750.0,14917.0,7.0,60.0,17170.0,15.14,20977.0,20977.0,972.0,3848000.0,13080.0,3740.24292
2631000,Cotton,US,United States,2017,7,(1000 HA),1000 480 lb. Bales,1000 480 lb. Bales,1000 480 lb. Bales,1000 480 lb. Bales,1000 480 lb. Bales,1000 480 lb. Bales,1000 480 lb. Bales,(PERCENT),1000 480 lb. Bales,1000 480 lb. Bales,(KG/HA),4492.0,2750.0,3225.0,4200.0,16281.0,3.0,-30.0,20923.0,21.53,23676.0,23676.0,1014.0,4492000.0,0.0,4554.888
2631000,Cotton,US,United States,2018,9,(1000 HA),1000 480 lb. Bales,1000 480 lb. Bales,1000 480 lb. Bales,1000 480 lb. Bales,1000 480 lb. Bales,1000 480 lb. Bales,1000 480 lb. Bales,(PERCENT),1000 480 lb. Bales,1000 480 lb. Bales,(KG/HA),4038.0,4200.0,2975.0,4950.0,14700.0,3.0,-55.0,18367.0,28.01,22570.0,22570.0,990.0,4038000.0,0.0,3997.62
2631000,Cotton,US,United States,2019,6,(1000 HA),1000 480 lb. Bales,1000 480 lb. Bales,1000 480 lb. Bales,1000 480 lb. Bales,1000 480 lb. Bales,1000 480 lb. Bales,1000 480 lb. Bales,(PERCENT),1000 480 lb. Bales,1000 480 lb. Bales,(KG/HA),4650.0,4950.0,2150.0,7450.0,15300.0,3.0,-34.0,19913.0,42.69,24866.0,24866.0,932.0,4650000.0,0.0,4333.8
2631000,Cotton,US,United States,2020,6,(1000 HA),1000 480 lb. Bales,1000 480 lb. Bales,1000 480 lb. Bales,1000 480 lb. Bales,1000 480 lb. Bales,1000 480 lb. Bales,1000 480 lb. Bales,(PERCENT),1000 480 lb. Bales,1000 480 lb. Bales,(KG/HA),3323.0,7450.0,2400.0,3650.0,16050.0,2.0,-40.0,14608.0,19.78,22060.0,22060.0,957.0,3323000.0,0.0,3180.111
2631000,Cotton,US,United States,2021,6,(1000 HA),1000 480 lb. Bales,1000 480 lb. Bales,1000 480 lb. Bales,1000 480 lb. Bales,1000 480 lb. Bales,1000 480 lb. Bales,1000 480 lb. Bales,(PERCENT),1000 480 lb. Bales,1000 480 lb. Bales,(KG/HA),4153.0,3650.0,2550.0,4600.0,14050.0,5.0,-22.0,17523.0,27.71,21178.0,21178.0,919.0,4153000.0,0.0,3816.607
2631000,Cotton,US,United States,2022,6,(1000 HA),1000 480 lb. Bales,1000 480 lb. Bales,1000 480 lb. Bales,1000 480 lb. Bales,1000 480 lb. Bales,1000 480 lb. Bales,1000 480 lb. Bales,(PERCENT),1000 480 lb. Bales,1000 480 lb. Bales,(KG/HA),2950.0,4600.0,2050.0,4650.0,12450.0,2.0,-80.0,14468.0,32.07,19070.0,19070.0,1068.0,2950000.0,0.0,3150.6
2631000,Cotton,US,United States,2023,6,(1000 HA),1000 480 lb. Bales,1000 480 lb. Bales,1000 480 lb. Bales,1000 480 lb. Bales,1000 480 lb. Bales,1000 480 lb. Bales,1000 480 lb. Bales,(PERCENT),1000 480 lb. Bales,1000 480 lb. Bales,(KG/HA),2606.0,4650.0,1850.0,3150.0,11750.0,2.0,-32.0,12066.0,23.16,16718.0,16718.0,1008.0,2606000.0,0.0,2626.848
2631000,Cotton,US,United States,2024,8,(1000 HA),1000 480 lb. Bales,1000 480 lb. Bales,1000 480 lb. Bales,1000 480 lb. Bales,1000 480 lb. Bales,1000 480 lb. Bales,1000 480 lb. Bales,(PERCENT),1000 480 lb. Bales,1000 480 lb. Bales,(KG/HA),3159.0,3150.0,1700.0,4000.0,11900.0,3.0,-34.0,14413.0,29.41,17566.0,17566.0,993.0,3159000.0,0.0,3136.887
2631000,Cotton,US,United States,2025,8,(1000 HA),1000 480 lb. Bales,1000 480 lb. Bales,1000 480 lb. Bales,1000 480 lb. Bales,1000 480 lb. Bales,1000 480 lb. Bales,1000 480 lb. Bales,(PERCENT),1000 480 lb. Bales,1000 480 lb. Bales,(KG/HA),2977.0,4000.0,1700.0,3600.0,12000.0,5.0,-81.0,13214.0,26.28,17219.0,17219.0,966.0,2977000.0,0.0,2875.782
